Instance,Terminal,Layer,X location,Y location,Voltage
FILLER_18_122,VDD,Metal1,65.2910,86.3430,1.199911
FILLER_18_115,VDD,Metal1,62.6490,86.3410,1.199911
FILLER_18_108,VDD,Metal1,59.2890,86.3410,1.199911
FILLER_18_101,VDD,Metal1,55.9290,86.3410,1.199911
FILLER_18_94,VDD,Metal1,52.5690,86.3410,1.199911
FILLER_18_87,VDD,Metal1,49.2090,86.3410,1.199911
FILLER_18_72,VDD,Metal1,42.0090,86.3410,1.199912
FILLER_18_62,VDD,Metal1,35.7600,86.9400,1.199926
FILLER_18_40,VDD,Metal1,25.4400,86.9400,1.199985
FILLER_18_33,VDD,Metal1,23.2890,86.3410,1.199986
FILLER_18_26,VDD,Metal1,19.9290,86.3410,1.199991
FILLER_18_19,VDD,Metal1,16.5690,86.3410,1.199991
FILLER_18_12,VDD,Metal1,13.2090,86.3410,1.199991
FILLER_17_141,VDD,Metal1,73.6800,79.3800,1.198665
FILLER_17_139,VDD,Metal1,72.9600,79.3800,1.198665
FILLER_17_134,VDD,Metal1,70.3200,79.3800,1.198672
FILLER_17_119,VDD,Metal1,63.1200,79.3800,1.198672
FILLER_17_112,VDD,Metal1,61.2090,79.9780,1.198672
FILLER_17_105,VDD,Metal1,57.8490,79.9780,1.198945
FILLER_17_98,VDD,Metal1,54.4890,79.9780,1.199003
FILLER_17_69,VDD,Metal1,39.8510,79.9760,1.199171
FILLER_17_37,VDD,Metal1,24.0000,79.3800,1.199437
FILLER_17_33,VDD,Metal1,22.5710,79.9760,1.199444
FILLER_17_26,VDD,Metal1,19.9290,79.9780,1.199444
FILLER_17_19,VDD,Metal1,16.5690,79.9780,1.199444
FILLER_17_13,VDD,Metal1,12.4800,79.3800,1.199444
FILLER_16_149,VDD,Metal1,77.5200,79.3800,1.198664
FILLER_16_147,VDD,Metal1,76.8000,79.3800,1.198664
FILLER_16_110,VDD,Metal1,58.8000,79.3800,1.198945
FILLER_16_108,VDD,Metal1,58.0800,79.3800,1.198945
FILLER_16_101,VDD,Metal1,55.9290,78.7810,1.199003
FILLER_16_83,VDD,Metal1,45.8400,79.3800,1.199168
FILLER_16_52,VDD,Metal1,31.6910,78.7830,1.199197
FILLER_15_136,VDD,Metal1,71.2800,71.8200,1.198755
FILLER_15_67,VDD,Metal1,38.1600,71.8200,1.199569
FILLER_15_39,VDD,Metal1,24.7200,71.8200,1.199727
FILLER_15_37,VDD,Metal1,24.0000,71.8200,1.199865
FILLER_15_30,VDD,Metal1,21.8490,72.4180,1.199874
FILLER_15_2,VDD,Metal1,6.9600,71.8200,1.199879
FILLER_15_0,VDD,Metal1,6.2400,71.8200,1.199879
FILLER_14_124,VDD,Metal1,65.5200,71.8200,1.198773
FILLER_14_107,VDD,Metal1,57.3600,71.8200,1.198802
FILLER_14_102,VDD,Metal1,54.9600,71.8200,1.198824
FILLER_14_100,VDD,Metal1,54.2400,71.8200,1.198824
FILLER_14_68,VDD,Metal1,38.6400,71.8200,1.199569
FILLER_14_39,VDD,Metal1,24.9600,71.8200,1.199727
FILLER_14_35,VDD,Metal1,23.5310,71.2230,1.199865
FILLER_13_114,VDD,Metal1,60.7200,64.2600,1.196473
FILLER_13_112,VDD,Metal1,60.0000,64.2600,1.196473
FILLER_13_67,VDD,Metal1,38.4000,64.2600,1.199301
FILLER_13_42,VDD,Metal1,26.4000,64.2600,1.199400
FILLER_13_35,VDD,Metal1,24.2490,64.8580,1.199411
FILLER_13_28,VDD,Metal1,20.8890,64.8580,1.199784
FILLER_13_22,VDD,Metal1,16.8000,64.2600,1.199890
FILLER_13_8,VDD,Metal1,9.8400,64.2600,1.199819
FILLER_13_4,VDD,Metal1,8.6510,64.8560,1.199819
FILLER_12_145,VDD,Metal1,75.6000,64.2600,1.196465
FILLER_12_143,VDD,Metal1,74.8800,64.2600,1.196465
FILLER_12_111,VDD,Metal1,59.2800,64.2600,1.196525
FILLER_12_76,VDD,Metal1,42.4800,64.2600,1.197546
FILLER_12_74,VDD,Metal1,41.7600,64.2600,1.197546
FILLER_12_45,VDD,Metal1,27.8400,64.2600,1.199301
FILLER_12_0,VDD,Metal1,6.0000,64.2600,1.199807
FILLER_11_140,VDD,Metal1,73.2000,56.7000,1.198118
FILLER_11_138,VDD,Metal1,72.4800,56.7000,1.198118
FILLER_11_120,VDD,Metal1,63.6000,56.7000,1.198118
FILLER_11_118,VDD,Metal1,62.8800,56.7000,1.198118
FILLER_11_107,VDD,Metal1,57.6000,56.7000,1.198208
FILLER_11_79,VDD,Metal1,43.9200,56.7000,1.198276
FILLER_11_77,VDD,Metal1,43.2000,56.7000,1.198448
FILLER_11_38,VDD,Metal1,24.2400,56.7000,1.199810
FILLER_11_36,VDD,Metal1,23.5200,56.7000,1.199810
FILLER_11_7,VDD,Metal1,9.6000,56.7000,1.199883
FILLER_11_0,VDD,Metal1,7.4490,57.2980,1.199883
FILLER_10_148,VDD,Metal1,77.2800,56.7000,1.198110
FILLER_10_76,VDD,Metal1,42.4800,56.7000,1.198448
FILLER_10_40,VDD,Metal1,25.2000,56.7000,1.199683
FILLER_10_36,VDD,Metal1,24.0110,56.1030,1.199810
FILLER_10_29,VDD,Metal1,21.3690,56.1010,1.199865
FILLER_10_4,VDD,Metal1,7.9200,56.7000,1.199883
FILLER_9_123,VDD,Metal1,65.0400,49.1400,1.199053
FILLER_9_121,VDD,Metal1,64.3200,49.1400,1.199055
FILLER_9_107,VDD,Metal1,57.3600,49.1400,1.199098
FILLER_9_38,VDD,Metal1,24.2400,49.1400,1.199806
FILLER_9_36,VDD,Metal1,23.5200,49.1400,1.199806
FILLER_9_0,VDD,Metal1,6.0000,49.1400,1.199824
FILLER_8_140,VDD,Metal1,73.2000,49.1400,1.199006
FILLER_8_75,VDD,Metal1,42.7310,48.5430,1.199106
FILLER_8_39,VDD,Metal1,24.7200,49.1400,1.199806
FILLER_8_37,VDD,Metal1,24.0000,49.1400,1.199806
FILLER_8_0,VDD,Metal1,6.0000,49.1400,1.199824
FILLER_7_113,VDD,Metal1,60.4800,41.5800,1.199414
FILLER_7_58,VDD,Metal1,33.8400,41.5800,1.199707
FILLER_7_56,VDD,Metal1,33.1200,41.5800,1.199707
FILLER_7_40,VDD,Metal1,25.4400,41.5800,1.199857
FILLER_7_36,VDD,Metal1,24.0110,42.1760,1.199867
FILLER_6_139,VDD,Metal1,72.9600,41.5800,1.199413
FILLER_6_111,VDD,Metal1,59.2800,41.5800,1.199421
FILLER_6_64,VDD,Metal1,36.9600,41.5800,1.199656
FILLER_6_60,VDD,Metal1,35.5310,40.9830,1.199656
FILLER_6_48,VDD,Metal1,29.7710,40.9830,1.199727
FILLER_6_41,VDD,Metal1,27.1290,40.9810,1.199784
FILLER_5_108,VDD,Metal1,57.8400,34.0200,1.195925
FILLER_5_75,VDD,Metal1,42.2400,34.0200,1.195964
FILLER_5_65,VDD,Metal1,37.2000,34.0200,1.199363
FILLER_5_61,VDD,Metal1,36.0110,34.6160,1.199492
FILLER_5_54,VDD,Metal1,33.3690,34.6180,1.199741
FILLER_5_47,VDD,Metal1,30.0090,34.6180,1.199741
FILLER_5_10,VDD,Metal1,10.8000,34.0200,1.199782
FILLER_5_4,VDD,Metal1,8.1600,34.0200,1.199782
FILLER_4_149,VDD,Metal1,77.5200,34.0200,1.194799
FILLER_4_147,VDD,Metal1,76.8000,34.0200,1.194799
FILLER_4_111,VDD,Metal1,59.2800,34.0200,1.194923
FILLER_4_104,VDD,Metal1,57.3690,33.4210,1.195925
FILLER_4_97,VDD,Metal1,54.0090,33.4210,1.195954
FILLER_4_35,VDD,Metal1,22.8000,34.0200,1.199782
FILLER_4_33,VDD,Metal1,22.0800,34.0200,1.199782
FILLER_3_140,VDD,Metal1,73.2000,26.4600,1.198880
FILLER_3_138,VDD,Metal1,72.4800,26.4600,1.198880
FILLER_3_110,VDD,Metal1,58.8000,26.4600,1.199271
FILLER_3_108,VDD,Metal1,58.0800,26.4600,1.199271
FILLER_3_70,VDD,Metal1,39.8400,26.4600,1.199388
FILLER_3_7,VDD,Metal1,9.3600,26.4600,1.199798
FILLER_3_0,VDD,Metal1,7.4490,27.0580,1.199798
FILLER_2_149,VDD,Metal1,77.5200,26.4600,1.198875
FILLER_2_116,VDD,Metal1,61.6800,26.4600,1.198880
FILLER_2_112,VDD,Metal1,60.4910,25.8630,1.198880
FILLER_2_105,VDD,Metal1,57.8490,25.8610,1.199271
FILLER_2_41,VDD,Metal1,25.6800,26.4600,1.199601
FILLER_2_39,VDD,Metal1,24.9600,26.4600,1.199602
FILLER_2_15,VDD,Metal1,13.2000,26.4600,1.199798
FILLER_2_8,VDD,Metal1,11.2890,25.8610,1.199798
FILLER_1_123,VDD,Metal1,65.2800,18.9000,1.191274
FILLER_1_119,VDD,Metal1,63.8510,19.4960,1.191275
FILLER_1_112,VDD,Metal1,61.2090,19.4980,1.191277
FILLER_1_105,VDD,Metal1,57.8490,19.4980,1.191283
FILLER_1_95,VDD,Metal1,51.6000,18.9000,1.191298
FILLER_1_93,VDD,Metal1,50.8800,18.9000,1.191298
FILLER_1_68,VDD,Metal1,38.6400,18.9000,1.191362
FILLER_1_37,VDD,Metal1,23.7600,18.9000,1.199869
FILLER_1_35,VDD,Metal1,23.0400,18.9000,1.199869
FILLER_1_28,VDD,Metal1,20.8890,19.4980,1.199956
FILLER_1_23,VDD,Metal1,17.0400,18.9000,1.199958
FILLER_1_19,VDD,Metal1,15.8510,19.4960,1.199958
FILLER_1_12,VDD,Metal1,13.2090,19.4980,1.199958
FILLER_0_149,VDD,Metal1,77.5200,18.9000,1.191172
FILLER_0_128,VDD,Metal1,67.4400,18.9000,1.191259
FILLER_0_124,VDD,Metal1,66.2510,18.3030,1.191270
FILLER_0_117,VDD,Metal1,63.6090,18.3010,1.191275
FILLER_0_110,VDD,Metal1,60.2490,18.3010,1.191281
FILLER_0_103,VDD,Metal1,56.8890,18.3010,1.191286
FILLER_0_96,VDD,Metal1,53.5290,18.3010,1.191289
FILLER_0_89,VDD,Metal1,50.1690,18.3010,1.191298
FILLER_0_79,VDD,Metal1,44.1600,18.9000,1.191355
FILLER_0_72,VDD,Metal1,42.0090,18.3010,1.191357
FILLER_0_65,VDD,Metal1,38.6490,18.3010,1.191362
FILLER_0_43,VDD,Metal1,26.6400,18.9000,1.191762
FILLER_0_39,VDD,Metal1,25.4510,18.3030,1.192807
FILLER_0_32,VDD,Metal1,22.8090,18.3010,1.199869
FILLER_0_25,VDD,Metal1,19.4490,18.3010,1.199956
FILLER_0_18,VDD,Metal1,16.0890,18.3010,1.199958
FILLER_0_11,VDD,Metal1,12.7290,18.3010,1.199958
FILLER_0_4,VDD,Metal1,9.3690,18.3010,1.199958
hold102,VDD,Metal1,46.8430,26.7750,1.199320
hold101,VDD,Metal1,71.2360,49.4550,1.199007
hold100,VDD,Metal1,71.8030,33.7040,1.194799
hold99,VDD,Metal1,39.1630,49.4550,1.199279
hold98,VDD,Metal1,36.2830,57.0150,1.199578
hold97,VDD,Metal1,36.7630,79.6950,1.199171
hold96,VDD,Metal1,36.2830,19.2150,1.191376
hold95,VDD,Metal1,20.9230,63.9440,1.199784
hold94,VDD,Metal1,17.0830,48.8240,1.199835
hold93,VDD,Metal1,26.2030,34.3350,1.199741
hold92,VDD,Metal1,56.9230,41.2640,1.199437
hold91,VDD,Metal1,59.8030,49.4550,1.199063
hold90,VDD,Metal1,73.7230,72.1350,1.198755
hold89,VDD,Metal1,48.1960,79.0640,1.199127
hold88,VDD,Metal1,74.2030,79.0640,1.198665
hold87,VDD,Metal1,28.1230,26.1440,1.199363
hold86,VDD,Metal1,31.9630,19.2150,1.191395
hold85,VDD,Metal1,38.2030,33.7040,1.199363
hold84,VDD,Metal1,70.8430,48.8240,1.199007
hold83,VDD,Metal1,75.5560,48.8240,1.198976
hold82,VDD,Metal1,75.5560,41.2640,1.199395
hold81,VDD,Metal1,39.5560,41.2640,1.199537
hold80,VDD,Metal1,43.9630,41.8950,1.199440
hold79,VDD,Metal1,58.7560,48.8240,1.199063
hold78,VDD,Metal1,65.5630,79.6950,1.198672
hold77,VDD,Metal1,68.8360,72.1350,1.198755
hold76,VDD,Metal1,64.5160,72.1350,1.198773
hold75,VDD,Metal1,44.8360,63.9440,1.196867
hold74,VDD,Metal1,57.4030,64.5750,1.196856
hold73,VDD,Metal1,60.1960,57.0150,1.198130
hold72,VDD,Metal1,67.4830,33.7040,1.194798
hold71,VDD,Metal1,75.5560,19.2150,1.191172
hold70,VDD,Metal1,75.6430,26.7750,1.198875
hold69,VDD,Metal1,42.5230,26.7750,1.199384
hold68,VDD,Metal1,51.0760,26.7750,1.199314
hold67,VDD,Metal1,54.0430,19.2150,1.191288
hold66,VDD,Metal1,28.6030,79.0640,1.199295
hold65,VDD,Metal1,32.4430,79.6950,1.199197
hold64,VDD,Metal1,38.2030,86.6240,1.199912
hold63,VDD,Metal1,31.4830,64.5750,1.199301
hold62,VDD,Metal1,35.8030,64.5750,1.199301
hold61,VDD,Metal1,40.6030,57.0150,1.198457
hold60,VDD,Metal1,30.5230,41.8950,1.199727
hold59,VDD,Metal1,30.5230,49.4550,1.199289
hold58,VDD,Metal1,34.8430,49.4550,1.199281
hold57,VDD,Metal1,69.8830,57.0150,1.198115
hold56,VDD,Metal1,75.6430,49.4550,1.198976
hold55,VDD,Metal1,75.5560,57.0150,1.198110
hold54,VDD,Metal1,8.3560,48.8240,1.199824
hold53,VDD,Metal1,12.7630,48.8240,1.199834
hold52,VDD,Metal1,21.4030,48.8240,1.199825
hold51,VDD,Metal1,47.2360,72.1350,1.198825
hold50,VDD,Metal1,44.9230,79.6950,1.199168
hold49,VDD,Metal1,42.9160,72.1350,1.198825
hold48,VDD,Metal1,15.6430,33.7040,1.199782
hold47,VDD,Metal1,18.0430,26.1440,1.199888
hold46,VDD,Metal1,22.3630,26.1440,1.199792
hold45,VDD,Metal1,12.2830,63.9440,1.199819
hold44,VDD,Metal1,16.5160,63.9440,1.199890
hold43,VDD,Metal1,25.2430,63.9440,1.199400
hold42,VDD,Metal1,9.7960,79.0640,1.199439
clkbuf_3_7__f_clk_i,VDD,Metal1,71.7600,71.3120,1.198755
clkbuf_3_6__f_clk_i,VDD,Metal1,53.0400,63.7520,1.196856
clkbuf_3_5__f_clk_i,VDD,Metal1,71.7600,34.5270,1.194799
clkbuf_3_4__f_clk_i,VDD,Metal1,52.0800,42.0870,1.199440
clkbuf_3_3__f_clk_i,VDD,Metal1,49.2000,64.7670,1.196867
clkbuf_3_2__f_clk_i,VDD,Metal1,18.0000,78.8720,1.199444
clkbuf_3_1__f_clk_i,VDD,Metal1,46.3200,33.5120,1.195964
clkbuf_3_0__f_clk_i,VDD,Metal1,19.4400,41.0720,1.199867
clkbuf_0_clk_i,VDD,Metal1,47.2800,49.6470,1.199106
user_project_example,VDD,Metal1,70.8680,86.8410,1.199911
fanout26,VDD,Metal1,8.6700,79.5470,1.199439
fanout25,VDD,Metal1,41.7300,79.5470,1.199170
fanout24,VDD,Metal1,40.7700,48.9720,1.199240
fanout23,VDD,Metal1,6.7500,79.5470,1.199422
fanout22,VDD,Metal1,6.6900,79.2120,1.199422
fanout21,VDD,Metal1,51.8100,79.5470,1.199012
fanout20,VDD,Metal1,13.9500,79.5470,1.199444
output19,VDD,Metal1,76.2900,18.7320,1.191171
input18,VDD,Metal1,76.8300,64.0920,1.196464
input17,VDD,Metal1,6.6900,41.7470,1.199866
input16,VDD,Metal1,6.6900,64.4270,1.199807
input15,VDD,Metal1,26.8500,86.7720,1.199960
input14,VDD,Metal1,44.6100,86.7720,1.199911
input13,VDD,Metal1,76.8300,64.4270,1.196464
input12,VDD,Metal1,43.6500,56.5320,1.198286
input11,VDD,Metal1,59.0100,34.1870,1.194968
input10,VDD,Metal1,72.4500,18.7320,1.191177
input9,VDD,Metal1,6.6900,71.6520,1.199879
input8,VDD,Metal1,6.6900,56.5320,1.199883
input7,VDD,Metal1,6.6900,33.8520,1.199782
input6,VDD,Metal1,6.6900,34.1870,1.199782
input5,VDD,Metal1,27.8700,18.7320,1.191762
input4,VDD,Metal1,47.5500,18.7320,1.191313
input3,VDD,Metal1,45.6300,18.7320,1.191316
input2,VDD,Metal1,8.6100,86.7720,1.199989
input1,VDD,Metal1,10.5900,86.7720,1.199990
user_project_example_41,VDD,Metal1,68.2920,18.7830,1.191249
user_project_example_40,VDD,Metal1,8.8110,18.9980,1.199958
user_project_example_39,VDD,Metal1,72.7880,86.8410,1.199911
user_project_example_38,VDD,Metal1,6.8910,18.8010,1.199958
user_project_example_37,VDD,Metal1,76.6280,86.8410,1.199911
user_project_example_36,VDD,Metal1,6.8910,18.9980,1.199958
user_project_example_35,VDD,Metal1,10.7310,18.9980,1.199958
user_project_example_34,VDD,Metal1,6.8910,86.8410,1.199989
user_project_example_33,VDD,Metal1,6.8910,26.3610,1.199798
user_project_example_32,VDD,Metal1,74.7080,79.4780,1.198665
user_project_example_31,VDD,Metal1,8.8110,26.3610,1.199798
user_project_example_30,VDD,Metal1,74.7080,86.8410,1.199911
user_project_example_29,VDD,Metal1,66.5480,18.9980,1.191270
user_project_example_28,VDD,Metal1,68.9480,86.8410,1.199911
user_project_example_27,VDD,Metal1,67.0280,86.8410,1.199911
_219_,VDD,Metal1,68.6100,19.0670,1.191249
_202_,VDD,Metal1,68.4220,25.9780,1.198880
_201_,VDD,Metal1,65.5420,26.9410,1.198880
_200_,VDD,Metal1,13.6570,72.3010,1.199879
_199_,VDD,Metal1,16.1020,71.3380,1.199879
_198_,VDD,Metal1,66.0220,41.0980,1.199414
_197_,VDD,Metal1,67.4620,42.0610,1.199413
_196_,VDD,Metal1,67.9420,56.2180,1.198118
_195_,VDD,Metal1,67.9420,63.7780,1.196468
_194_,VDD,Metal1,67.4620,64.7410,1.196468
_193_,VDD,Metal1,65.5420,78.8980,1.198672
_192_,VDD,Metal1,55.9420,72.3010,1.198802
_191_,VDD,Metal1,47.2570,71.3380,1.198825
_190_,VDD,Metal1,39.1420,78.8980,1.199171
_189_,VDD,Metal1,31.4620,72.3010,1.199577
_188_,VDD,Metal1,31.9420,71.3380,1.199577
_187_,VDD,Metal1,34.8220,63.7780,1.199301
_186_,VDD,Metal1,33.8620,56.2180,1.199580
_185_,VDD,Metal1,33.3820,48.6580,1.199287
_184_,VDD,Metal1,51.0970,56.2180,1.198211
_183_,VDD,Metal1,50.6620,57.1810,1.198211
_182_,VDD,Metal1,50.1820,48.6580,1.199106
_181_,VDD,Metal1,48.2620,41.0980,1.199440
_180_,VDD,Metal1,49.2220,34.5010,1.195964
_179_,VDD,Metal1,49.7020,25.9780,1.199319
_178_,VDD,Metal1,36.7420,25.9780,1.199388
_177_,VDD,Metal1,32.9020,26.9410,1.199388
_176_,VDD,Metal1,29.5420,33.5380,1.199741
_175_,VDD,Metal1,16.1020,26.9410,1.199798
_174_,VDD,Metal1,17.5420,34.5010,1.199782
_173_,VDD,Metal1,16.5820,42.0610,1.199867
_172_,VDD,Metal1,16.5820,49.6210,1.199835
_171_,VDD,Metal1,16.5820,57.1810,1.199884
_170_,VDD,Metal1,75.9830,26.1030,1.198875
_169_,VDD,Metal1,63.3960,33.6200,1.194848
_168_,VDD,Metal1,64.0780,34.3530,1.194841
_167_,VDD,Metal1,70.3450,19.2350,1.191184
_166_,VDD,Metal1,70.5600,18.4060,1.191184
_165_,VDD,Metal1,74.4000,18.4060,1.191172
_164_,VDD,Metal1,12.0360,64.6590,1.199819
_163_,VDD,Metal1,10.7100,79.6600,1.199439
_162_,VDD,Metal1,8.6400,71.3260,1.199879
_161_,VDD,Metal1,75.0230,33.6630,1.194798
_160_,VDD,Metal1,66.7560,48.7400,1.199030
_159_,VDD,Metal1,76.0780,41.9130,1.199395
_158_,VDD,Metal1,60.2650,33.6850,1.194868
_157_,VDD,Metal1,72.4800,19.3930,1.191177
_156_,VDD,Metal1,60.9600,34.5130,1.194868
_155_,VDD,Metal1,75.5030,56.3430,1.198110
_154_,VDD,Metal1,65.7960,57.0990,1.198118
_153_,VDD,Metal1,67.4380,49.4730,1.199027
_152_,VDD,Metal1,74.6650,64.5950,1.196465
_151_,VDD,Metal1,76.8000,79.8730,1.198664
_150_,VDD,Metal1,63.8400,48.6460,1.199055
_149_,VDD,Metal1,68.9760,79.7360,1.198672
_148_,VDD,Metal1,63.3960,71.4200,1.198773
_147_,VDD,Metal1,59.2810,71.4860,1.198802
_146_,VDD,Metal1,77.0150,72.1550,1.198755
_145_,VDD,Metal1,60.4800,63.7660,1.196473
_144_,VDD,Metal1,71.5200,79.8730,1.198672
_143_,VDD,Metal1,39.6960,72.1760,1.199389
_142_,VDD,Metal1,48.9230,79.7790,1.199125
_141_,VDD,Metal1,52.5580,79.0460,1.199012
_140_,VDD,Metal1,40.0550,64.5950,1.199301
_139_,VDD,Metal1,39.8400,71.3260,1.199389
_138_,VDD,Metal1,46.5600,86.4460,1.199911
_137_,VDD,Metal1,25.2960,79.0230,1.199363
_136_,VDD,Metal1,31.6430,86.5400,1.199934
_135_,VDD,Metal1,28.0810,79.7130,1.199296
_134_,VDD,Metal1,25.6550,79.7150,1.199363
_133_,VDD,Metal1,34.5600,86.4460,1.199927
_132_,VDD,Metal1,28.8000,86.4460,1.199943
_131_,VDD,Metal1,27.9830,64.6160,1.199301
_130_,VDD,Metal1,26.4360,57.0990,1.199683
_129_,VDD,Metal1,32.3980,57.0330,1.199580
_128_,VDD,Metal1,26.1850,56.3650,1.199683
_127_,VDD,Metal1,29.2800,57.1930,1.199597
_126_,VDD,Metal1,7.2000,63.7660,1.199807
_125_,VDD,Metal1,27.0230,41.9360,1.199784
_124_,VDD,Metal1,26.3630,49.5390,1.199348
_123_,VDD,Metal1,32.8780,41.2460,1.199707
_122_,VDD,Metal1,41.0650,56.3650,1.198456
_121_,VDD,Metal1,25.9200,48.6460,1.199348
_120_,VDD,Metal1,7.2000,49.6330,1.199824
_119_,VDD,Metal1,42.0960,64.6160,1.197546
_118_,VDD,Metal1,55.1630,49.5390,1.199101
_117_,VDD,Metal1,59.7580,56.3660,1.198130
_116_,VDD,Metal1,56.3750,71.4850,1.198802
_115_,VDD,Metal1,62.8800,49.6330,1.199055
_114_,VDD,Metal1,61.9200,48.6460,1.199055
_113_,VDD,Metal1,40.4630,34.3760,1.195982
_112_,VDD,Metal1,35.9630,41.9790,1.199656
_111_,VDD,Metal1,40.0780,41.9130,1.199537
_110_,VDD,Metal1,56.8550,34.3550,1.195925
_109_,VDD,Metal1,59.0400,42.0730,1.199421
_108_,VDD,Metal1,38.4000,34.5130,1.199363
_107_,VDD,Metal1,54.5760,26.8160,1.199319
_106_,VDD,Metal1,42.6830,19.2990,1.191355
_105_,VDD,Metal1,46.7980,19.2330,1.191313
_104_,VDD,Metal1,56.8550,26.7950,1.199271
_103_,VDD,Metal1,49.4400,19.3930,1.191298
_102_,VDD,Metal1,39.8400,19.3930,1.191360
_101_,VDD,Metal1,29.9030,18.5430,1.191716
_100_,VDD,Metal1,27.8030,19.2990,1.191762
_099_,VDD,Metal1,33.3580,18.5660,1.191395
_098_,VDD,Metal1,25.2250,26.7950,1.199602
_097_,VDD,Metal1,36.0000,18.4060,1.191376
_096_,VDD,Metal1,24.9600,19.3930,1.192807
_095_,VDD,Metal1,14.5430,26.1030,1.199798
_094_,VDD,Metal1,11.4830,33.6200,1.199782
_093_,VDD,Metal1,19.9180,33.6860,1.199873
_092_,VDD,Metal1,23.3050,26.7950,1.199792
_091_,VDD,Metal1,18.2400,19.3930,1.199959
_090_,VDD,Metal1,8.6400,33.5260,1.199782
_089_,VDD,Metal1,8.9760,41.9360,1.199866
_088_,VDD,Metal1,7.6430,41.1800,1.199866
_087_,VDD,Metal1,11.7580,41.2460,1.199867
_086_,VDD,Metal1,18.9350,56.3650,1.199891
_085_,VDD,Metal1,9.1200,49.6330,1.199825
_084_,VDD,Metal1,9.6000,34.5130,1.199782
_083_,VDD,Metal1,15.0230,64.6160,1.199890
_082_,VDD,Metal1,12.0360,56.3000,1.199883
_081_,VDD,Metal1,16.0780,56.3660,1.199884
_080_,VDD,Metal1,18.4550,64.5950,1.199891
_079_,VDD,Metal1,9.1200,63.7660,1.199819
_078_,VDD,Metal1,9.1200,56.2060,1.199883
